# the asf licenses this file to you under the apache license, version 2.0
# (the "license"); you may not use this file except in compliance with
# the license.  you may obtain a copy of the license at
#
#     http://www.apache.org/licenses/license-2.0
#
# unless required by applicable law or agreed to in writing, software
# distributed under the license is distributed on an "as is" basis,
# without warranties or conditions of any kind, either express or implied.
# see the license for the specific language governing permissions and
# limitations under the license.

#-----------------------------------------------------------------------
#some test synonym mappings unlikely to appear in real input text

# some synonym groups specific to this example

24X7 Corporate Solutions India => 24X7
3I Infotech => 3I
3I Infotech Consultancy Services => 3I
A2Z Group => A2Z
A2Z Maintenance & Engineering Services => A2Z
A2Z Infrastructure => A2Z
A2Z Infraservices => A2Z
A2Z Mes => A2z
Abbott India => Abbott
Abbott Healthcare => Abbott
Abbott Health Care => Abbott
Abbott Truecare Pharma => Abbott
Accenture Services => Accenture
Accenture Services(It) => Accenture
Accenture Service => Accenture
Accenture India => Accenture
Accenture Services Private.Ltd => Accenture
Accenture Services India => Accenture
Acme Tele Power => Acme
Acme Telepower => Acme
Aegis Bpo => Aegis
Aegis Bpo Services => Aegis
American Express => American Express
American Express India => American Express
American Express Banking Corp => American Express
Aviva Life Insurance => Aviva
Aviva Life Insurance Company India => Aviva
Aviva Life Insurance Co => Aviva
Aviva Life Insurance Co India => Aviva
Axis Bank => Axis
Axis Bank Of India => Axis
Bajaj Allianz Life Insurance Company => Bajaj Allianz
Bajaj Allianz Life Insurance Co => Bajaj Allianz
Bajaj Allianz General Insurance Co => Bajaj Allianz
Bajaj Allianz => Bajaj Allianz
Bajaj Allianz General Insurance Company => Bajaj Allianz
Bajaj Allianz Life Insurance => Bajaj Allianz
Bajaj Allianz Life Insurance Co.Ltd => Bajaj Allianz
Bajaj Allianz General Insurance => Bajaj Allianz
Bajaj Allianz Lic => Bajaj Allianz
Bajaj Capital => Bajaj Allianz
Bajaj Finance => Bajaj
Bajaj Finserv Lending => Bajaj Finserv
Bajaj Capital Insurance Broking => Bajaj Capital
Barclays Bank => Barclays
Barclays => Barclays
Bharti Airtel Services => Bharti Airtel
Bharti Retail =>Bharti 
Bharti Axa Life => Bharti Axa
Bharti Axa Life Insurance => Bharti Axa
Bharti Axa Life Insurance Co => Bharti Axa
Bharti Axa General Insurance => Bharti Axa
Bharti Axa Life Insurance Company => Bharti Axa
Bharti Wal-Mart => Bharti Walmart
Birla Sun Life Insurance Co => Birla SunLife
Birla Sunlife Insurance Co => Birla SunLife
Birla Sunlife Insurance => Birla SunLife
Bharat Sanchar nigam Ltd => Bharat Sanchar nigam Ltd
Cadila Healthcare => Cadila
Cadila Pharmaceuticals => Cadila
Cadila Pharma => Cadila
Cadila Pharmaceutical => Cadila
Capgemini => Capgemini
Capgemini India => Capgemini
Capgemini Consulting India => Capgemini
Capgemini Business Services India => Capgemini
Cholamandalam Dbs Finance => Cholamandalam
Cholamandalam Investment & Finance Co => Cholamandalam
Cholamandalam Ms General Insurance Company => Cholamandalam
Cholamandalam Ms General => Cholamandalam
Cholamandalam Ms General Insurance Co => Cholamandalam
Cholamandalam M S General Insurance Co => Cholamandalam
Citibank N.A => Citibank
Citi Bank => Citibank
Citibank Na => Citibank
Citibank N.A. => Citibank
Cognizant Technologies => Cognizant
Cognizant => Cognizant
Cognizant India => Cognizant
Cognizant Technology Solution => Cognizant
Cognizant Technology Solutions India => Cognizant
Cognizant Technology Solutions => Cognizant
Cognizant Technologies Solutions => Cognizant
Convergys => Convergys
Convergys India => Convergys
Convergys India Services => Convergys
Dell => Dell
Dell International => Dell
Dell International Services => Dell
Dell Services => Dell
Dell International Services India => Dell
Dell India => Dell
Dell Perot Systems => Dell Perot
Deloitte => Deloitte
Deloitte India => Deloitte
Deloitte Consulting India => Deloitte
Deloitte Consulting => Deloitte
Deloitte Support Services India => Deloitte
Deloitte Tax Llp => Deloitte
Deloitte Tax Services India => Deloitte
Deutsche => Deutsche
Deutsche Bank => Deutsche
Deutsche Bank Group => Deutsche
Deutsche Bank Ag => Deutsche
Dish Tv => Dish 
Dish T V India => Dish 
Dish Tv India => Dish 
Dr Reddys Lab => Reddys
Dr Reddy'S Laboratories => Reddys
Dr.Reddys => Reddys
Dr Reddys Laboratories => Reddys
Dr.Reddys Laboratories => Reddys
Dr.Reddys Lab => Reddys
Dr.Reddy'S Laboratories => Reddys
Dr Reddys Labs => Reddys
Ericsson => Ericsson
Ericsson India => Ericsson
Ericsson India Global Services => Ericsson
Ericsson Global India => Ericsson
Ericsson India Private.Ltd => Ericsson
Ericsson => Ericsson
Ericsson Global => Ericsson
Firefly E-Ventures Limited => Firefly
Future Generali India Life Insurance Company => Future Generali
Future Generali India Life Insurance Co => Future Generali
Future Generali India Insurance Co => Future Generali
Future Generali Life Insurance => Future Generali
Future Generali India Lic => Future Generali
Future Generali India Insurance Company => Future Generali
Genpact => Genpact
Genpact India => Genpact
Hcl Infosystem => Hcl
Hcl Infosystems => Hcl
Hcl Infosystems / Career Development Center => Hcl
Hcl Info Systems => Hcl
Hcl Tech => Hcl
Hcl Technologies => Hcl
Hcl Technology => Hcl
Hdfc Bank => Hdfc
Hdfc => Hdfc
Hdfcbank => Hdfc
Hdfc Ergo General Insurance Company => Hdfc Ergo
Hdfc Ergo Gic => Hdfc Ergo
Hdfc Standard Life Insurance => Hdfc Standard
Hdfc Life => Hdfc
Hdfc Standard Life Insurance Co => Hdfc Standard 
Hdfcslic => Hdfc
Hdfc Slic => Hdfc
Hdfc Life Insurance Co => Hdfc
Hdfc Standard Life Insurance Company => Hdfc Standard
Hero Motors => Hero
Hero Motocorp => Hero
Hero Moto Corp => Hero
Hindustan Times => Hindustan
Homeshop18 => Homeshop18
Home Shop 18 => Homeshop18
Huawei Telecom => Huawei
Huawei Telecommunications => Huawei
Huawei Telecommunication => Huawei
Huawei Technologies India => Huawei
Huawei Telecommunication India => Huawei
Huawei Telecommunications India => Huawei
Ibm India => Ibm
Ibm India Private.Ltd => Ibm
Ibm Info Services => Ibm
Ibm Daksh Business Process Services => Ibm Daksh
Ibm Global Process Services => Ibm 
Ibm Gps => Ibm
Ibm Global Services => Ibm
Icici Lombard General Insurance Company => Icici Lombard
Icici Lombard General Insurance => Icici Lombard
Icici Prudential Life Insurance => Icici Prudential
Icici Prudential Life Insurance Company => Icici Prudential
Icici Prudential Lic => Icici Prudential
Icici Prudential Life Insurance Co.Ltd => Icici Prudential
Icici Securities => Icici 
Icici Securities Primary Dealership => Icici 
Idea => Idea
Idea Cellular => Idea
Idea Cellular Services => Idea
Idea Celluler => Idea
India Infoline => Infoline
India Infoline Finance => Infoline
India Info Line => Infoline
Infosys => Infosys
Infosys Technologies => Infosys
Infosis => Infosys
Infosys Technology => Infosys
Infosys Tech => Infosys
Ing Life => Ing
Ing Life Insurance => Ing
Ing Life Insurance Co => Ing
Ing Life Insurance Company => Ing
Ing Vysya Bank => Ing Vysya
Ing Vysya Life Insurance => Ing Vysya
Ing Vysya Life Insurance Co => Ing Vysya
Kotak Life Insurance => Kotak
Kotak Mahindra Old Mutual Life Insurance => Kotak Mahindra
Kotak Mahindra Life Insurance => Kotak Mahindra
Lanco Global => Lanco
Lanco => Lanco
Lanco infratech => Lanco
Lance industries => Lanco
Nokia India => Nokia
Nokia Siemens Networks => Nokia Siemens
Nokia Siemens Network => Nokia Siemens
Reliance Capital => Reliance
Reliance Capital Asset Management => Reliance
Reliance Capital Services => Reliance
Reliance Communication => Reliance
Reliance Communications => Reliance
Reliance Mediaworks => Reliance
Reliance Media Works => Reliance
Reliance Mutual Fund => Reliance
Reliance Mutual Funds => Reliance
Standard Chartered Bank => Standard Chartered
Tata Consultancy Services => Tata
Tata Teleservices => Tata
Tata Tele Services => Tata
Tech Mahindra => Mahindra
Thomson Reuters => Thomson Reuters
Vatika Group => Vatika
Wipro Bpo => Wipro
Wipro Bpo Solutions => Wipro
Wipro Tech => Wipro
Wipro Technologies => Wipro
Wipro => Wipro
Wipro Infotech => Wipro

