Anthropology => Anthropology, Arts
Archaeology => Archaeology, Arts
Communication - Advertising & PR => Communication - Advertising & PR, Arts
Communication - Journalism => Communication - Journalism, Arts
Communication - Tech. Writing => Communication - Tech. Writing, Arts
Economics / Econometrics => Economics / Econometrics, Arts
History => History, Arts
Language & Literature - English => Language & Literature - English, Arts
Language & Literature - French => Language & Literature - French, Arts
Language & Literature - German => Language & Literature - German, Arts
Language & Literature - Hindi => Language & Literature - Hindi, Arts
Language & Literature - Japanese => Language & Literature - Japanese, Arts
Language & Literature - Mandarin => Language & Literature - Mandarin, Arts
Language & Literature - Sanskrit => Language & Literature - Sanskrit, Arts
Language & Literature - Spanish => Language & Literature - Spanish, Arts
Performing Arts - Dance => Performing Arts - Dance, Arts
Performing Arts - Film & Television => Performing Arts - Film & Television, Arts
Performing Arts - Music => Performing Arts - Music, Arts
Performing Arts - Theatre => Performing Arts - Theatre, Arts
Philosophy => Philosophy, Arts
Political Science => Political Science, Arts
Psychology => Psychology, Arts
Public Administration => Public Administration, Arts
Public Policy => Public Policy, Arts
Sociology => Sociology, Arts
Visual Arts - Fine Arts => Visual Arts - Fine Arts, Arts
Visual Arts - Photography => Visual Arts - Photography, Arts
Maths => Maths, Arts
Geography => Geography, Arts
Geology => Geology, Arts
ALTP => ALTP, Aviation
CPL => CPL, Aviation
CA => CA, Chartered Accountant  / CFA / CWA
CWA => CWA, Chartered Accountant  / CFA / CWA
CFA => CFA, Chartered Accountant  / CFA / CWA
Company Secretary => Company Secretary, Company Secretary
Computer / IT / Software Engineering => Computer / IT / Software Engineering, Computer Application
Computers / IT / Software - Science => Computers / IT / Software - Science, Computer Application
BCA /MCA => BCA /MCA, Computer Application
Fashion => Fashion, Design
Graphics => Graphics, Design
Industrial => Industrial, Design
Aeronautics Engineering => Aeronautics Engineering, Engineering
Architecture Engineering => Architecture Engineering, Engineering
Biomedical Engineering => Biomedical Engineering, Engineering
Biotechnology Engineering => Biotechnology Engineering, Engineering
Chemical Engineering => Chemical Engineering, Engineering
Civil Engineering => Civil Engineering, Engineering
Electrical Engineering => Electrical Engineering, Engineering
Electronics and Communication Engineering => Electronics and Communication Engineering, Engineering
Environmental Engineering => Environmental Engineering, Engineering
Industrial and Production Engineering => Industrial and Production Engineering, Engineering
Instrumentation Engineering => Instrumentation Engineering, Engineering
Marine Engineering => Marine Engineering, Engineering
Materials Engineering => Materials Engineering, Engineering
Mechanical Engineering => Mechanical Engineering, Engineering
Mining Engineering => Mining Engineering, Engineering
Nuclear Engineering => Nuclear Engineering, Engineering
Optics Engineering => Optics Engineering, Engineering
Textile Engineering => Textile Engineering, Engineering
Other Engineering => Other Engineering, Engineering
Agriculture / Dairy Engineering => Agriculture / Dairy Engineering, Engineering
Computer / IT / Software Engineering => Computer / IT / Software Engineering, Engineering
Forestry Engineering => Forestry Engineering, Engineering
Food Technology Engineering => Food Technology Engineering, Engineering
Metallurgy Engineering => Metallurgy Engineering, Engineering
Hospitality and Hotel Management => Hospitality and Hotel Management, Hospitality and Hotel Management
Communication - Advertising & PR => Communication - Advertising & PR, Journalism / Communication
Communication - Journalism => Communication - Journalism, Journalism / Communication
Communication - Tech. Writing => Communication - Tech. Writing, Journalism / Communication
General => General, Management
Finance => Finance, Management
HR => HR, Management
International Trade => International Trade, Management
Marketing => Marketing, Management
MIS Management => MIS Management, Management
Operations Management => Operations Management, Management
Other Management => Other Management, Management
Anaesthesia => Anaesthesia, Medical
Cardiology => Cardiology, Medical
Dentistry => Dentistry, Medical
Dentistry - Orthodontics => Dentistry - Orthodontics, Medical
Dentistry - Periodontics => Dentistry - Periodontics, Medical
Dentistry - Surgery => Dentistry - Surgery, Medical
Gynaecology => Gynaecology, Medical
Medicine => Medicine, Medical
Neurology => Neurology, Medical
Neurosurgery => Neurosurgery, Medical
Opthalmology => Opthalmology, Medical
Orthopedics => Orthopedics, Medical
Pathology => Pathology, Medical
Pediatrics => Pediatrics, Medical
Psyciatry => Psyciatry, Medical
Radiology => Radiology, Medical
Sports Medicine => Sports Medicine, Medical
Surgery => Surgery, Medical
Other Medical => Other Medical, Medical
Economics / Econometrics => Economics / Econometrics, Science
Biology => Biology, Science
Biology - Anatomy => Biology - Anatomy, Science
Biology - Biochemistry => Biology - Biochemistry, Science
Biology - Biophysics => Biology - Biophysics, Science
Biology - Botany => Biology - Botany, Science
Biology - Ecology => Biology - Ecology, Science
Biology - Forensics => Biology - Forensics, Science
Biology - Genetics => Biology - Genetics, Science
Biology - Microbiology => Biology - Microbiology, Science
Biology - Molecular Biology => Biology - Molecular Biology, Science
Biology - Neuroscience => Biology - Neuroscience, Science
Biology - Pathology => Biology - Pathology, Science
Biology - Physiology => Biology - Physiology, Science
Biology - Zoology => Biology - Zoology, Science
Chemistry => Chemistry, Science
Chemistry - Inorganic => Chemistry - Inorganic, Science
Chemistry - Organic => Chemistry - Organic, Science
Chemistry - Physical => Chemistry - Physical, Science
Home Science => Home Science, Science
Maths => Maths, Science
Maths - Algebra => Maths - Algebra, Science
Maths - Geometry => Maths - Geometry, Science
Maths - Logic and Set Theory => Maths - Logic and Set Theory, Science
Maths - Number Theory => Maths - Number Theory, Science
Maths - Probability => Maths - Probability, Science
Maths - Statistics => Maths - Statistics, Science
Med. Allied - Nursing => Med. Allied - Nursing, Science
Med. Allied - Nutrition & Dietetics => Med. Allied - Nutrition & Dietetics, Science
Med. Allied - Optometry => Med. Allied - Optometry, Science
Med. Allied - Physiotherapy => Med. Allied - Physiotherapy, Science
Med. Allied - Speech Therapy => Med. Allied - Speech Therapy, Science
Military Science => Military Science, Science
Physics => Physics, Science
Physics - Applied Physics => Physics - Applied Physics, Science
Physics - Astronomy => Physics - Astronomy, Science
Physics - Astrophysics => Physics - Astrophysics, Science
Physics - Dynamics => Physics - Dynamics, Science
Physics - Mechanics => Physics - Mechanics, Science
Physics - Molecular Physics => Physics - Molecular Physics, Science
Physics - Nuclear Physics => Physics - Nuclear Physics, Science
Physics - Optics => Physics - Optics, Science
Physics - Thermodynamics => Physics - Thermodynamics, Science
Textile Design => Textile Design, Science
Other Science => Other Science, Science
Geography => Geography, Science
Geology => Geology, Science
Environment => Environment, Science
Agriculture & Dairy => Agriculture & Dairy, Science
Computers / IT / Software - Science => Computers / IT / Software - Science, Science
Food Technology => Food Technology, Science
Forestry => Forestry, Science
Electronics / Communication / Instrumentation => Electronics / Communication / Instrumentation, Science
