Administration\ \/\ Facility\ \/\ Transport => Administration\ \/\ Facility\ \/\ Transport,Administration\ \/\ Front\ Office\ \/\ Secretary
Front\ Office\ \/\ Receptionist => Front\ Office\ \/\ Receptionist,Administration\ \/\ Front\ Office\ \/\ Secretary
Secretary\ \/\ PA\ \/\ Steno => Secretary\ \/\ PA\ \/\ Steno,Administration\ \/\ Front\ Office\ \/\ Secretary
Architecture => Architecture,Architecture\ \/\ Interior\ Design
Interior\ Design => Interior\ Design,Architecture\ \/\ Interior\ Design
Civil\ Services => Civil\ Services,Civil\ Services\ \/\ Military\ \/\ Police
Military => Military,Civil\ Services\ \/\ Military\ \/\ Police
Police => Police,Civil\ Services\ \/\ Military\ \/\ Police
Back\ Office\ Operations => Back\ Office\ Operations,Customer\ Service\ \/\ Back\ Office\ Operations
Customer\ Service\ \(International\) => Customer\ Service\ \(International\),Customer\ Service\ \/\ Back\ Office\ Operations
Customer\ Service\ \(Domestic\) => Customer\ Service\ \(Domestic\),Customer\ Service\ \/\ Back\ Office\ Operations
Operations\ Management\ \/\ Process\ Analysis => Operations\ Management\ \/\ Process\ Analysis,Customer\ Service\ \/\ Back\ Office\ Operations
Technical\ Support\ \/\ Helpdesk => Technical\ Support\ \/\ Helpdesk,Customer\ Service\ \/\ Back\ Office\ Operations
Career\ \/\ Education\ Counselling => Career\ \/\ Education\ Counselling,Education\ \/\ Training\ \/\ Language
Curriculum\ Design => Curriculum\ Design,Education\ \/\ Training\ \/\ Language
Education\ Management\ \/\ Director\ \/\ Principal => Education\ Management\ \/\ Director\ \/\ Principal,Education\ \/\ Training\ \/\ Language
Language\ \/\ Translation => Language\ \/\ Translation,Education\ \/\ Training\ \/\ Language
Library\ Management => Library\ Management,Education\ \/\ Training\ \/\ Language
Pre\-School\ \/\ Day\ Care => Pre\-School\ \/\ Day\ Care,Education\ \/\ Training\ \/\ Language
Professional\ \/\ Soft\ Skills\ Training => Professional\ \/\ Soft\ Skills\ Training,Education\ \/\ Training\ \/\ Language
Teacher\ \/\ Tutor => Teacher\ \/\ Tutor,Education\ \/\ Training\ \/\ Language
Special\ Education => Special\ Education,Education\ \/\ Training\ \/\ Language
Professor\ \/\ Lecturer => Professor\ \/\ Lecturer,Education\ \/\ Training\ \/\ Language
Teaching\ Assistant => Teaching\ Assistant,Education\ \/\ Training\ \/\ Language
Technical\ \/\ Process\ Training => Technical\ \/\ Process\ Training,Education\ \/\ Training\ \/\ Language
Engineering\ Design\ \/\ Construction => Engineering\ Design\ \/\ Construction,Engineering\ Design\ \/\ Construction
Environment => Environment,Environment\ \/\ Health\ \/\ Safety
Occupational\ Health\ \/\ Safety => Occupational\ Health\ \/\ Safety,Environment\ \/\ Health\ \/\ Safety
Equity\ Research => Equity\ Research,Finance\ \/\ Accounts\ \/\ Investment\ Banking
Finance\ \/\ Accounts\ \/\ Tax => Finance\ \/\ Accounts\ \/\ Tax,Finance\ \/\ Accounts\ \/\ Investment\ Banking
Investment\ Banking\ \/\ M\&A => Investment\ Banking\ \/\ M\&A,Finance\ \/\ Accounts\ \/\ Investment\ Banking
Risk\ \/\ Underwriting => Risk\ \/\ Underwriting,Finance\ \/\ Accounts\ \/\ Investment\ Banking
Securities\ Trading => Securities\ Trading,Finance\ \/\ Accounts\ \/\ Investment\ Banking
Copywriting => Copywriting,Graphic\ Design\ \/\ Web\ Design\ \/\ Copywriting
Graphic\ Design => Graphic\ Design,Graphic\ Design\ \/\ Web\ Design\ \/\ Copywriting
Web\ Design => Web\ Design,Graphic\ Design\ \/\ Web\ Design\ \/\ Copywriting
F\&B\ Service => F\&B\ Service,Hotel\ \/\ Restaurant
Front\ Office\ \/\ Guest\ Relations => Front\ Office\ \/\ Guest\ Relations,Hotel\ \/\ Restaurant
General\ \/\ Operations\ Management => General\ \/\ Operations\ Management,Hotel\ \/\ Restaurant
Housekeeping => Housekeeping,Hotel\ \/\ Restaurant
Kitchen => Kitchen,Hotel\ \/\ Restaurant
HR => HR,HR\ \/\ Recruitment
Recruitment => Recruitment,HR\ \/\ Recruitment
Hardware\ \/\ Telecom\ Equipment\ Design => Hardware\ \/\ Telecom\ Equipment\ Design,IT\ \-\ Hardware\ \/\ Networking\ \/\ Telecom\ Engineering
Telecom\ Network\ Design\ \/\ Management => Telecom\ Network\ Design\ \/\ Management,IT\ \-\ Hardware\ \/\ Networking\ \/\ Telecom\ Engineering
Network\ \/\ System\ Administration => Network\ \/\ System\ Administration,IT\ \-\ Hardware\ \/\ Networking\ \/\ Telecom\ Engineering
DBA\ \/\ Datawarehousing => DBA\ \/\ Datawarehousing,IT\ \-\ Software
Embedded\ \/\ System\ Software => Embedded\ \/\ System\ Software,IT\ \-\ Software
ERP\ \/\ CRM => ERP\ \/\ CRM,IT\ \-\ Software
General\ \/\ Other\ Software => General\ \/\ Other\ Software,IT\ \-\ Software
IT\ Operations\ \/\ EDP\ \/\ MIS => IT\ Operations\ \/\ EDP\ \/\ MIS,IT\ \-\ Software
Mainframe => Mainframe,IT\ \-\ Software
Telecom\ Software => Telecom\ Software,IT\ \-\ Software
Web\ \/\ Mobile\ Technologies => Web\ \/\ Mobile\ Technologies,IT\ \-\ Software
Content\ Development => Content\ Development,Journalism\ \/\ Content\ \/\ Writing
Journalism\ \/\ Writing => Journalism\ \/\ Writing,Journalism\ \/\ Content\ \/\ Writing
Technical\ Writing => Technical\ Writing,Journalism\ \/\ Content\ \/\ Writing
Company\ Secretary => Company\ Secretary,Legal\ \/\ Company\ Secretary
Corporate\ Legal\ Department => Corporate\ Legal\ Department,Legal\ \/\ Company\ Secretary
Legal\ Practice => Legal\ Practice,Legal\ \/\ Company\ Secretary
Legal\ Support\ Services => Legal\ Support\ Services,Legal\ \/\ Company\ Secretary
Executive\ Assistant\ \(EA\) => Executive\ Assistant\ \(EA\),Management\ Consulting\ \/\ Strategy\ \/\ EA
Management\ Consulting\ \/\ Strategy => Management\ Consulting\ \/\ Strategy,Management\ Consulting\ \/\ Strategy\ \/\ EA
Sector\ \/\ Business\ Research => Sector\ \/\ Business\ Research,Management\ Consulting\ \/\ Strategy\ \/\ EA
Event\ Management => Event\ Management,Marketing\ \/\ Advertising\ \/\ MR\ \/\ PR\ \/\ Events
Internet\ Marketing => Internet\ Marketing,Marketing\ \/\ Advertising\ \/\ MR\ \/\ PR\ \/\ Events
Market\ Research\ \(MR\) => Market\ Research\ \(MR\),Marketing\ \/\ Advertising\ \/\ MR\ \/\ PR\ \/\ Events
Marketing\ \/\ Communication => Marketing\ \/\ Communication,Marketing\ \/\ Advertising\ \/\ MR\ \/\ PR\ \/\ Events
Media\ Planning\ \/\ Buying => Media\ Planning\ \/\ Buying,Marketing\ \/\ Advertising\ \/\ MR\ \/\ PR\ \/\ Events
Public\ Relations\ \(PR\) => Public\ Relations\ \(PR\),Marketing\ \/\ Advertising\ \/\ MR\ \/\ PR\ \/\ Events
Allied\ Health\ Services => Allied\ Health\ Services,Medical\ \/\ Healthcare
Doctor => Doctor,Medical\ \/\ Healthcare
Hospital\ Management\ \/\ Director => Hospital\ Management\ \/\ Director,Medical\ \/\ Healthcare
Medical\ Transcription => Medical\ Transcription,Medical\ \/\ Healthcare
Nursing => Nursing,Medical\ \/\ Healthcare
Pharmacist\ \/\ Medical\ Representative => Pharmacist\ \/\ Medical\ Representative,Medical\ \/\ Healthcare
Geology => Geology,Oil\ \&\ Gas\ Engineering\ \/\ Mining\ \/\ Geology
Mining => Mining,Oil\ \&\ Gas\ Engineering\ \/\ Mining\ \/\ Geology
Oil\ \&\ Gas\ Engineering => Oil\ \&\ Gas\ Engineering,Oil\ \&\ Gas\ Engineering\ \/\ Mining\ \/\ Geology
Maintenance => Maintenance,Production\ \/\ Maintenance\ \/\ Service
Production => Production,Production\ \/\ Maintenance\ \/\ Service
Service\ \/\ Installation\ \/\ Repair => Service\ \/\ Installation\ \/\ Repair,Production\ \/\ Maintenance\ \/\ Service
Quality\ \(QA\-QC\) => Quality\ \(QA\-QC\),Quality\ \/\ Testing\ \(QA\-QC\)
Testing => Testing,Quality\ \/\ Testing\ \(QA\-QC\)
R\&D\ \/\ Product\ Design => R\&D\ \/\ Product\ Design,R\&D\ \/\ Product\ Design
Property\ Management => Property\ Management,Real\ Estate
Real\ Estate\ Consultant\ \/\ Agent => Real\ Estate\ Consultant\ \/\ Agent,Real\ Estate
Documentation\ \/\ Shipping => Documentation\ \/\ Shipping,Retail\ \/\ Export\-Import\ \/\ Trading
Liasion => Liasion,Retail\ \/\ Export\-Import\ \/\ Trading
Merchandising\ \/\ Sourcing => Merchandising\ \/\ Sourcing,Retail\ \/\ Export\-Import\ \/\ Trading
Pre\-Sales => Pre\-Sales,Sales\ \/\ BD
Sales\ \/\ BD => Sales\ \/\ BD,Sales\ \/\ BD
Sales\ Support\ \/\ MIS => Sales\ Support\ \/\ MIS,Sales\ \/\ BD
Entrepreneur => Entrepreneur,SBU\ Head\ \/\ CEO\ \/\ Director\ \/\ Entrepreneur
SBU\ Head\ \/\ CEO\ \/\ Director => SBU\ Head\ \/\ CEO\ \/\ Director,SBU\ Head\ \/\ CEO\ \/\ Director\ \/\ Entrepreneur
Detective\ Services => Detective\ Services,Security\ \/\ Detective\ Services
Security\ Services => Security\ Services,Security\ \/\ Detective\ Services
Acturial\ Science => Acturial\ Science,Statistics\ \/\ Analytics\ \/\ Acturial\ Science
Statistics\ \/\ Analytics => Statistics\ \/\ Analytics,Statistics\ \/\ Analytics\ \/\ Acturial\ Science
Inventory\ \/\ Warehousing => Inventory\ \/\ Warehousing,Supply\ Chain\ \/\ Purchase\ \/\ Inventory
Purchase => Purchase,Supply\ Chain\ \/\ Purchase\ \/\ Inventory
Supply\ Chain\ \/\ Logistics => Supply\ Chain\ \/\ Logistics,Supply\ Chain\ \/\ Purchase\ \/\ Inventory
Airport\ \/\ Airline\ Ground\ Operations => Airport\ \/\ Airline\ Ground\ Operations,Travel\ \/\ Aviation\ \/\ Merchant\ Navy
Cabin\ Crew => Cabin\ Crew,Travel\ \/\ Aviation\ \/\ Merchant\ Navy
Marine\ Deck\ Department => Marine\ Deck\ Department,Travel\ \/\ Aviation\ \/\ Merchant\ Navy
Marine\ Engineering\ Department => Marine\ Engineering\ Department,Travel\ \/\ Aviation\ \/\ Merchant\ Navy
Marine\ Service\ \/\ Steward\ Department => Marine\ Service\ \/\ Steward\ Department,Travel\ \/\ Aviation\ \/\ Merchant\ Navy
Pilot => Pilot,Travel\ \/\ Aviation\ \/\ Merchant\ Navy
Reservation\ \/\ Ticketing => Reservation\ \/\ Ticketing,Travel\ \/\ Aviation\ \/\ Merchant\ Navy
Tour\ \/\ Travel\ Guide => Tour\ \/\ Travel\ Guide,Travel\ \/\ Aviation\ \/\ Merchant\ Navy
Tour\ \/\ Travel\ Management => Tour\ \/\ Travel\ Management,Travel\ \/\ Aviation\ \/\ Merchant\ Navy
Actor\ \/\ Anchor => Actor\ \/\ Anchor,TV\ \/\ Film\ \/\ Radio\ \/\ Entertainment
Production\ Design\ \/\ Art => Production\ Design\ \/\ Art,TV\ \/\ Film\ \/\ Radio\ \/\ Entertainment
Programming\ \/\ Scheduling => Programming\ \/\ Scheduling,TV\ \/\ Film\ \/\ Radio\ \/\ Entertainment
Cinematography => Cinematography,TV\ \/\ Film\ \/\ Radio\ \/\ Entertainment
Direction\ \/\ Editing => Direction\ \/\ Editing,TV\ \/\ Film\ \/\ Radio\ \/\ Entertainment
Music => Music,TV\ \/\ Film\ \/\ Radio\ \/\ Entertainment
Production => Production,TV\ \/\ Film\ \/\ Radio\ \/\ Entertainment
Script\ \/\ Screenplay => Script\ \/\ Screenplay,TV\ \/\ Film\ \/\ Radio\ \/\ Entertainment
Sound\ Mixing\ \/\ Editing => Sound\ Mixing\ \/\ Editing,TV\ \/\ Film\ \/\ Radio\ \/\ Entertainment
Visual\ Effects => Visual\ Effects,TV\ \/\ Film\ \/\ Radio\ \/\ Entertainment
Fresher\ \(No\ Experience\) => Fresher\ \(No\ Experience\),Fresher\ \(No\ Experience\)
Astrology => Astrology,Other
Fashion\ \/\ Textile\ Design => Fashion\ \/\ Textile\ Design,Other
Fashion\ Modelling => Fashion\ Modelling,Other
Matrimony => Matrimony,Other
NGO\ \/\ Social\ Work => NGO\ \/\ Social\ Work,Other
Beautician\ \/\ Stylist => Beautician\ \/\ Stylist,Other
Pet\ Care\ \/\ Breeding => Pet\ Care\ \/\ Breeding,Other
Photography => Photography,Other
Fire\ Prevention\ \/\ Control => Fire\ Prevention\ \/\ Control,Other
Politics => Politics,Other
Religion\ \/\ Spirituality => Religion\ \/\ Spirituality,Other
Sculpture\ \/\ Craft => Sculpture\ \/\ Craft,Other
Sports\ \/\ Fitness => Sports\ \/\ Fitness,Other
Unskilled\ \/\ Manual\ Labour => Unskilled\ \/\ Manual\ Labour,Other
Painting => Painting,Other
Plantation\ \/\ Farming => Plantation\ \/\ Farming,Other
Animal\ Husbandry => Animal\ Husbandry,Other
